chain_id,tx_hash,block_number,block_unix_timestamp,block_datetime,from,to,token_value,token_address,token_name,token_symbol
43114,0x47cbdb4363f03d9b17a32fced5cc9742339070202f01d2e77e44633baa381cfc,53240484,1731946569000,2024-11-18T16:16:09.000Z,0xE1e1c1c5808089a68fde7DA68Ed134979Bb5c42A,0xb3f90D22cdDEAc0E35f22DcF5Acd3F23C2F4C649,50,0xB97EF9Ef8734C71904D8002F8b6Bc66Dd9c48a6E,USD Coin,USDC
43114,0xd1b1632e133545d2733c87dfa2b10c3589c97b8bc7183b80adecd3b38906ea85,53230446,1731926154000,2024-11-18T10:35:54.000Z,0xC1b3504f8193c4B7398f39FB7092193534B94e71,0xb3f90D22cdDEAc0E35f22DcF5Acd3F23C2F4C649,124.344356,0xB97EF9Ef8734C71904D8002F8b6Bc66Dd9c48a6E,USD Coin,USDC
43114,0x6190b44312e5496ca214187867b03bc33d465915b51fad4605ebc01fa07a3c43,53223976,1731912905000,2024-11-18T06:55:05.000Z,0x0fad525264C90E0200dA89851dEEB20df5CFe3B1,0xb3f90D22cdDEAc0E35f22DcF5Acd3F23C2F4C649,0.004084,0xB97EF9Ef8734C71904D8002F8b6Bc66Dd9c48a6E,USD Coin,USDC
43114,0x39dcc7e04e551f2cba49b2583b7bb0a46063146a3fa918258f32079c012a8a7f,53221330,1731907425000,2024-11-18T05:23:45.000Z,0x13c4A5ae3B625F09D50FB0C95758ffDecD19849F,0xb3f90D22cdDEAc0E35f22DcF5Acd3F23C2F4C649,150000000,0x420FcA0121DC28039145009570975747295f2329,COQINU,COQ
43114,0xdc1d88d5bf7aeee62fe5fdb5251599f81802d7f715be50805295bbe38c567487,53218613,1731901794000,2024-11-18T03:49:54.000Z,0xb3f90D22cdDEAc0E35f22DcF5Acd3F23C2F4C649,0xf90b3C34a14B895F00F9C8aC6745Efc56F83Fe19,14950000,0x420FcA0121DC28039145009570975747295f2329,COQINU,COQ
43114,0x7b8ab8158d424737fc4042c702ef73812114ca480862ee215250643ec558a092,53213324,1731890899000,2024-11-18T00:48:19.000Z,0xb3f90D22cdDEAc0E35f22DcF5Acd3F23C2F4C649,0x1F1bECb3730a6F077E5E870e32e1162FE2CfE3b1,4084.083815,0x0E9391b55bB3A7E90AFC482bEa4AA69a1c934dE3,USD Сoin,USDС
43114,0x1e022f7d4d1a6c800805a86d02537a15ef7c979b8666b5cc055527e0f32ffaa4,53213305,1731890861000,2024-11-18T00:47:41.000Z,0xb3f90D22cdDEAc0E35f22DcF5Acd3F23C2F4C649,0x0fAdDaD6781A71632170b0C013bf868FF2Cfe3B1,4084.083815,0xB97EF9Ef8734C71904D8002F8b6Bc66Dd9c48a6E,USD Coin,USDC
43114,0xd62bd36e636bc0a33a32e8aec871e38751386376c53caf5e335a7341ea437f63,53212943,1731890126000,2024-11-18T00:35:26.000Z,0xb3f90D22cdDEAc0E35f22DcF5Acd3F23C2F4C649,0x0fAdDaD6781A71632170b0C013bf868FF2Cfe3B1,9.60,0xB97EF9Ef8734C71904D8002F8b6Bc66Dd9c48a6E,USD Coin,USDC
43114,0x03a71a6c099f3e8720d3a812ccde69b3a4abb75c6c4558062b645593fd63aa46,53208361,1731880728000,2024-11-17T21:58:48.000Z,0x16fEde4cBFbbD48805751b0447F1CA453DFE74B2,0xb3f90D22cdDEAc0E35f22DcF5Acd3F23C2F4C649,340303550.1771851,0x420FcA0121DC28039145009570975747295f2329,COQINU,COQ
43114,0xe4f386be3dd507c8ede567144b142263faf748aa7f71addd96599c790e226f63,53208213,1731880424000,2024-11-17T21:53:44.000Z,0xb3f90D22cdDEAc0E35f22DcF5Acd3F23C2F4C649,0x102942dACAeDF6c028d11CB5f13bD9D891809311,7197042.89725188,0x420FcA0121DC28039145009570975747295f2329,COQINU,COQ
43114,0x481dc23d79c389dc0a4fdc170d303aef36ec73a817b410d03d0289d9a8aa600b,53204028,1731871840000,2024-11-17T19:30:40.000Z,0xb3f90D22cdDEAc0E35f22DcF5Acd3F23C2F4C649,0x4cCeD7e0D23497b9416E53b672E97322d8c6B2B9,167.668504,0xB97EF9Ef8734C71904D8002F8b6Bc66Dd9c48a6E,USD Coin,USDC
43114,0xad51a2e76277c86e09abcd1178b0f684cc4d37e29afb6cab4a2d931af0af07ff,53179829,1731822550000,2024-11-17T05:49:10.000Z,0xb3f90D22cdDEAc0E35f22DcF5Acd3F23C2F4C649,0x3F1B76E17a0EcCC90be464309296c8944A8B1177,9778483.064311866,0x420FcA0121DC28039145009570975747295f2329,COQINU,COQ
43114,0xa344636dacd0b9c5064844a554dece48b402facda42d67d17bffd78c709d6b6d,53168112,1731798980000,2024-11-16T23:16:20.000Z,0x13c4A5ae3B625F09D50FB0C95758ffDecD19849F,0xb3f90D22cdDEAc0E35f22DcF5Acd3F23C2F4C649,650000000,0x420FcA0121DC28039145009570975747295f2329,COQINU,COQ
43114,0x7eb9b21a9f081d6d0f8f5a61ecf5639d1be5c6d54f7346a4480cfd34b4403056,53167189,1731797100000,2024-11-16T22:45:00.000Z,0xd3A588C9D37764da158201609c8C83E5720B2Bf2,0xb3f90D22cdDEAc0E35f22DcF5Acd3F23C2F4C649,0.007897,0xB97EF9Ef8734C71904D8002F8b6Bc66Dd9c48a6E,USD Coin,USDC
43114,0x8322d42d5a95c04064fed4ca418edf30ea28119c019a58c277f811c364d6ac9b,53167002,1731796719000,2024-11-16T22:38:39.000Z,0xb3f90D22cdDEAc0E35f22DcF5Acd3F23C2F4C649,0xd3A570188F73b83B4f9248e8A74576850e0B2bF2,789.790032,0xB97EF9Ef8734C71904D8002F8b6Bc66Dd9c48a6E,USD Coin,USDC
43114,0xf78d96c9f354a70c39a41b4143e976930ea715385f96998b9a9367c15fd182f5,53160590,1731783563000,2024-11-16T18:59:23.000Z,0xb3f90D22cdDEAc0E35f22DcF5Acd3F23C2F4C649,0x641672288b772ee2F035bBbA7e38c622AB75Ed3B,53161698.4167207,0x420FcA0121DC28039145009570975747295f2329,COQINU,COQ
43114,0xcaed14273e0b7d920c941db144c75c8bfcb42c25e5e1832d3e40af6ab0fd8008,53158871,1731780054000,2024-11-16T18:00:54.000Z,0xcE007caE9C60EE72f354dbF6dD084EdD567ac440,0xb3f90D22cdDEAc0E35f22DcF5Acd3F23C2F4C649,149,0xB97EF9Ef8734C71904D8002F8b6Bc66Dd9c48a6E,USD Coin,USDC
43114,0xff3ef345e80df3ee4fd6c0a7e72dcd6e461093da9435ca09211147eaa93a8066,53158510,1731779317000,2024-11-16T17:48:37.000Z,0x92A23240a8537e28cb41AC92fac42192B349AE27,0xb3f90D22cdDEAc0E35f22DcF5Acd3F23C2F4C649,2311.983568,0xB97EF9Ef8734C71904D8002F8b6Bc66Dd9c48a6E,USD Coin,USDC
43114,0x18fd1829f2dd88cb2988b446ad1b1de485d93574af4cbff80040beeef0ecae4e,53158464,1731779222000,2024-11-16T17:47:02.000Z,0x13c4A5ae3B625F09D50FB0C95758ffDecD19849F,0xb3f90D22cdDEAc0E35f22DcF5Acd3F23C2F4C649,547000000,0x420FcA0121DC28039145009570975747295f2329,COQINU,COQ
43114,0x6e37739bf884a40a2efa315947fc1f66f57c9418333d2d687d4734fc2bf26217,53154537,1731771289000,2024-11-16T15:34:49.000Z,0xb3f90D22cdDEAc0E35f22DcF5Acd3F23C2F4C649,0xdF76276123bcA1e23ddf58D6c636fB8123D0C6d4,202.139492,0xB97EF9Ef8734C71904D8002F8b6Bc66Dd9c48a6E,USD Coin,USDC
43114,0xe73a45527d955ff71483093557ceb14ef3c9b350aa5b0df8601a9099c173db56,53153034,1731768266000,2024-11-16T14:44:26.000Z,0x4Cce2F0816886d799A8548996b4d5642F3c6B2b9,0xb3f90D22cdDEAc0E35f22DcF5Acd3F23C2F4C649,0.004846,0xB97EF9Ef8734C71904D8002F8b6Bc66Dd9c48a6E,USD Coin,USDC
43114,0x8eb222bc8820348177ec97734e15760495c86e5cb7eeb914cf251b0733d7d9e3,53152830,1731767847000,2024-11-16T14:37:27.000Z,0x3D395C2436814538cFb417492Aa32b1Df1864626,0xb3f90D22cdDEAc0E35f22DcF5Acd3F23C2F4C649,700,0xB97EF9Ef8734C71904D8002F8b6Bc66Dd9c48a6E,USD Coin,USDC
43114,0xcfcc43696e1e3e67fc9d2b59bb21592c05115a2dff1933244703e2460e6908c5,53150305,1731762727000,2024-11-16T13:12:07.000Z,0xd3A588C9D37764da158201609c8C83E5720B2Bf2,0xb3f90D22cdDEAc0E35f22DcF5Acd3F23C2F4C649,0.008015,0xB97EF9Ef8734C71904D8002F8b6Bc66Dd9c48a6E,USD Coin,USDC
43114,0x0a9e39a54e133fc7117a00c4bab08ab2612bb629f8b5860aae82a7363b9ee1b7,53149801,1731761688000,2024-11-16T12:54:48.000Z,0xb3f90D22cdDEAc0E35f22DcF5Acd3F23C2F4C649,0x4cCeD7e0D23497b9416E53b672E97322d8c6B2B9,484.602579,0xB97EF9Ef8734C71904D8002F8b6Bc66Dd9c48a6E,USD Coin,USDC
43114,0x03a0e7c119645bab51bb29436f5a8ebfa2e9842eec311ce28109f3fe0ca0b447,53149584,1731761248000,2024-11-16T12:47:28.000Z,0xb3f90D22cdDEAc0E35f22DcF5Acd3F23C2F4C649,0xd3A570188F73b83B4f9248e8A74576850e0B2bF2,801.540032,0xB97EF9Ef8734C71904D8002F8b6Bc66Dd9c48a6E,USD Coin,USDC
43114,0x084e99b9cf171fc8dcb3e952573dafffe84f2eda60131cefb7319e6d5bb7d6b2,53147963,1731757954000,2024-11-16T11:52:34.000Z,0xb3f90D22cdDEAc0E35f22DcF5Acd3F23C2F4C649,0xd3A570188F73b83B4f9248e8A74576850e0B2bF2,418.636192,0xB97EF9Ef8734C71904D8002F8b6Bc66Dd9c48a6E,USD Coin,USDC
43114,0x938c3deee3d3cec76531c1cbe8353ab17e154dbf3be09bbbd33c51dab97331fd,53140132,1731741952000,2024-11-16T07:25:52.000Z,0xc4cF4c7527ce54376d1c9303Cc9F4771325C4D4d,0xb3f90D22cdDEAc0E35f22DcF5Acd3F23C2F4C649,0.006971,0xB97EF9Ef8734C71904D8002F8b6Bc66Dd9c48a6E,USD Coin,USDC
43114,0x8eae4386fac32e6da935fd9e81852c949a63534288b42763e3f5c2884b5f8a23,53134004,1731729534000,2024-11-16T03:58:54.000Z,0xb3f90D22cdDEAc0E35f22DcF5Acd3F23C2F4C649,0x102942dACAeDF6c028d11CB5f13bD9D891809311,10256008.527436232,0x420FcA0121DC28039145009570975747295f2329,COQINU,COQ
43114,0xa1d8c628f10fe0cf49b6a18f8a5ed50ceb93ab1c7d329694bc82e2b64b97e8b4,53133352,1731728218000,2024-11-16T03:36:58.000Z,0xb3f90D22cdDEAc0E35f22DcF5Acd3F23C2F4C649,0x556263687Fa7A2df1c73265cf8bDf4BA9191bEB8,10188623.543532807,0x420FcA0121DC28039145009570975747295f2329,COQINU,COQ
43114,0x323077ff73fc43ad66813b9c4a389d7211c0574c63eb15a0361d09a65f202d62,53132958,1731727406000,2024-11-16T03:23:26.000Z,0xb3f90D22cdDEAc0E35f22DcF5Acd3F23C2F4C649,0xd3A570188F73b83B4f9248e8A74576850e0B2bF2,327.620514,0xB97EF9Ef8734C71904D8002F8b6Bc66Dd9c48a6E,USD Coin,USDC
43114,0xf59acf2850af92ee1f17d157414c81c64d9f1d4b1caa6c0c53b987be7f60478a,53125370,1731711685000,2024-11-15T23:01:25.000Z,0xb3f90D22cdDEAc0E35f22DcF5Acd3F23C2F4C649,0xc670Cd72f4a84f33E0f885580dD749517D8aeb7A,91374.23121599483,0x420FcA0121DC28039145009570975747295f2329,COQINU,COQ
43114,0xc8d6cdc68348f6d36cb5ec4920312354d6e40f6c9d5c96a55c8b4d1ccba8440f,53124789,1731710486000,2024-11-15T22:41:26.000Z,0xb3f90D22cdDEAc0E35f22DcF5Acd3F23C2F4C649,0x884F25af3425589806f92a39E498aC3bF2B0455B,491662101.0437604,0x420FcA0121DC28039145009570975747295f2329,COQINU,COQ
43114,0xfaf846c3fd20465521d6d862de673896c303dca08c9c1f1eaba02705d7998c50,53124100,1731709071000,2024-11-15T22:17:51.000Z,0xb3f90D22cdDEAc0E35f22DcF5Acd3F23C2F4C649,0x8C853b0B0EE1E138a0d2D6522A2dD3A897edbFB0,49.600002,0xB97EF9Ef8734C71904D8002F8b6Bc66Dd9c48a6E,USD Coin,USDC
43114,0xd7f1db7e80e4066a57c9f5ea870ffc07115a3d4db2accf45c277c44d12f78724,53123752,1731708359000,2024-11-15T22:05:59.000Z,0xb3f90D22cdDEAc0E35f22DcF5Acd3F23C2F4C649,0x8C853b0B0EE1E138a0d2D6522A2dD3A897edbFB0,31.150001,0xB97EF9Ef8734C71904D8002F8b6Bc66Dd9c48a6E,USD Coin,USDC
43114,0xa4f0fbf536339ba24fbc75a40fb4ee0b96853d312602a8b8a6bd1fcfbc84ae78,53120066,1731700809000,2024-11-15T20:00:09.000Z,0x13c4A5ae3B625F09D50FB0C95758ffDecD19849F,0xb3f90D22cdDEAc0E35f22DcF5Acd3F23C2F4C649,250000000,0x420FcA0121DC28039145009570975747295f2329,COQINU,COQ
43114,0xcd0cbb169a3025b2bfae72a7dbff59c6d24b2f3d2aca96419dc507ef81f11a76,53117886,1731696376000,2024-11-15T18:46:16.000Z,0x25762868371950831EB81Ec3dAE7A0ffB57505Ab,0xb3f90D22cdDEAc0E35f22DcF5Acd3F23C2F4C649,102,0xB97EF9Ef8734C71904D8002F8b6Bc66Dd9c48a6E,USD Coin,USDC
43114,0x025ecafdd4f652115e89e18ec978420b124d71382c6138fa1f6c64ac8a8d0a44,53112839,1731686115000,2024-11-15T15:55:15.000Z,0x300D49526Fe70805d733bC448B81ca53cdEF722c,0xb3f90D22cdDEAc0E35f22DcF5Acd3F23C2F4C649,50.101078,0xB97EF9Ef8734C71904D8002F8b6Bc66Dd9c48a6E,USD Coin,USDC
43114,0xa64968166b55ad6844e176079aada6d0525e4521eafe68c8df0b826f42848f00,53112716,1731685868000,2024-11-15T15:51:08.000Z,0x300D49526Fe70805d733bC448B81ca53cdEF722c,0xb3f90D22cdDEAc0E35f22DcF5Acd3F23C2F4C649,1032.820289,0xB97EF9Ef8734C71904D8002F8b6Bc66Dd9c48a6E,USD Coin,USDC
43114,0xa7281384177bc5106b93ac305abd9042c7ad983c4ec42916158da36d6aa722e7,53110449,1731681274000,2024-11-15T14:34:34.000Z,0xb3f90D22cdDEAc0E35f22DcF5Acd3F23C2F4C649,0xC2c35dABFf6E218d4F5aE70D2c40f7479A069a1a,71.925467,0xB97EF9Ef8734C71904D8002F8b6Bc66Dd9c48a6E,USD Coin,USDC
43114,0x1401e13bfd598bbd9aa9d55a6538940de6eb2ff6295c1cb71a3f4f414bab4c9e,53109692,1731679733000,2024-11-15T14:08:53.000Z,0xb3f90D22cdDEAc0E35f22DcF5Acd3F23C2F4C649,0x7ba0B697E7b04eB886b31384640A39cF88eA2E1D,69.600003,0xB97EF9Ef8734C71904D8002F8b6Bc66Dd9c48a6E,USD Coin,USDC
43114,0x8c24780ee952f32f188699bd28d84d1c24a00397406985fe46d7b73d54461295,53099796,1731659562000,2024-11-15T08:32:42.000Z,0xb3f90D22cdDEAc0E35f22DcF5Acd3F23C2F4C649,0x15cBee3CC3b4BEfE6d6B2Fef490056Bd9DefBcd7,1001389763.7752924,0x420FcA0121DC28039145009570975747295f2329,COQINU,COQ
43114,0xb4fde4ccfd814eb8d562bf1ff2f8718355689fc9c02294104e39ef950733be0f,53081151,1731621246000,2024-11-14T21:54:06.000Z,0xE1e1c1c5808089a68fde7DA68Ed134979Bb5c42A,0xb3f90D22cdDEAc0E35f22DcF5Acd3F23C2F4C649,200.006125,0xB97EF9Ef8734C71904D8002F8b6Bc66Dd9c48a6E,USD Coin,USDC
43114,0x509556095c84635bbf2d4fa7b2d8f181c7fb72b4a1a9aab3c4c3624b262be1ed,53079119,1731617088000,2024-11-14T20:44:48.000Z,0xE1e1c1c5808089a68fde7DA68Ed134979Bb5c42A,0xb3f90D22cdDEAc0E35f22DcF5Acd3F23C2F4C649,81.22,0xB97EF9Ef8734C71904D8002F8b6Bc66Dd9c48a6E,USD Coin,USDC
43114,0x90a5e3eee40b11848a933422980ff0d4b62f0a20ff86991926586e5f0bb599d4,53066773,1731592007000,2024-11-14T13:46:47.000Z,0xb3f90D22cdDEAc0E35f22DcF5Acd3F23C2F4C649,0xc4CfE083f9312dAfcFe4a318c5ddF12B7F5c4d4d,69.71328,0xB97EF9Ef8734C71904D8002F8b6Bc66Dd9c48a6E,USD Coin,USDC
43114,0x623414ec734948fc691d1251b46a77a5e7cb1d43e308bbce321080efcd44e75b,53050940,1731559700000,2024-11-14T04:48:20.000Z,0x13c4A5ae3B625F09D50FB0C95758ffDecD19849F,0xb3f90D22cdDEAc0E35f22DcF5Acd3F23C2F4C649,300000000,0x420FcA0121DC28039145009570975747295f2329,COQINU,COQ
43114,0xc049dbf45322c0e1b6e76649d9b15dc474d0f6d8caa597e0eefd0a5d6d9ce15e,53037018,1731531274000,2024-11-13T20:54:34.000Z,0x13c4A5ae3B625F09D50FB0C95758ffDecD19849F,0xb3f90D22cdDEAc0E35f22DcF5Acd3F23C2F4C649,700000000,0x420FcA0121DC28039145009570975747295f2329,COQINU,COQ
43114,0xace7705cb5524980503ae3b3053e1b74553be521570e7826a0a385dc8bc34fd2,53035465,1731528129000,2024-11-13T20:02:09.000Z,0xb3f90D22cdDEAc0E35f22DcF5Acd3F23C2F4C649,0xc4CfE083f9312dAfcFe4a318c5ddF12B7F5c4d4d,640.08,0xB97EF9Ef8734C71904D8002F8b6Bc66Dd9c48a6E,USD Coin,USDC
43114,0x2034d18147c8ba28a6bcf65889f06a317134fb2e1ac781fe617d0320ddb18da6,53034206,1731525667000,2024-11-13T19:21:07.000Z,0xb3f90D22cdDEAc0E35f22DcF5Acd3F23C2F4C649,0x738151eA7a29a209d980267032a80d3e2446E952,2.07486,0xB97EF9Ef8734C71904D8002F8b6Bc66Dd9c48a6E,USD Coin,USDC
43114,0xcd0a7af1c74b4e57a0fdc370d7c1d79e3442d9b6dd0f83dd4625a0b374388698,53027389,1731512008000,2024-11-13T15:33:28.000Z,0x13c4A5ae3B625F09D50FB0C95758ffDecD19849F,0xb3f90D22cdDEAc0E35f22DcF5Acd3F23C2F4C649,300000000,0x420FcA0121DC28039145009570975747295f2329,COQINU,COQ
43114,0x661baec1b1724fd129c1096cd99b73b357d2d23ae7b04954b6ad411d9f61b51a,52999177,1731455148000,2024-11-12T23:45:48.000Z,0x1cA32572E52DFD0E86c9bC8DD2D255ad2F5550e6,0xb3f90D22cdDEAc0E35f22DcF5Acd3F23C2F4C649,300,0xB97EF9Ef8734C71904D8002F8b6Bc66Dd9c48a6E,USD Coin,USDC
43114,0x900b6f187d53212b2a8f362eabb15b345e79753d71e3386219039ee88e8913a8,52995317,1731447324000,2024-11-12T21:35:24.000Z,0x13c4A5ae3B625F09D50FB0C95758ffDecD19849F,0xb3f90D22cdDEAc0E35f22DcF5Acd3F23C2F4C649,200000000,0x420FcA0121DC28039145009570975747295f2329,COQINU,COQ
43114,0x7539043a10507e8f321d68d1a1fcc02446c0ce19492851de8b0c03a440cf0bea,52994632,1731445924000,2024-11-12T21:12:04.000Z,0xf08182abfD5208E1147D3a3dA42FEcFAC93B52f3,0xb3f90D22cdDEAc0E35f22DcF5Acd3F23C2F4C649,35271190,0x420FcA0121DC28039145009570975747295f2329,COQINU,COQ
43114,0x692e1a999b34da5355ff005326232911d45db96ccc4e97f9996227d8b45fb36f,52992650,1731441884000,2024-11-12T20:04:44.000Z,0xb3f90D22cdDEAc0E35f22DcF5Acd3F23C2F4C649,0xC781ad3F3Bb1Ee96f8C1832ad6AbEe105bE209D1,7.707373,0xB97EF9Ef8734C71904D8002F8b6Bc66Dd9c48a6E,USD Coin,USDC
43114,0xf68d72faa4a70cf73a4edb4d4ec73a27652e5a5f416f3f3e25ed47b2bfb8d81f,52980973,1731418366000,2024-11-12T13:32:46.000Z,0xb3f90D22cdDEAc0E35f22DcF5Acd3F23C2F4C649,0xdfB01877b1C6CD53f96Ba886C0Adb4656f1D39b4,665173386.3304693,0x420FcA0121DC28039145009570975747295f2329,COQINU,COQ
43114,0x0e624b0de48ace1e678b59f7472fa1cb2aa97f15db809b79281d6684705d0c1b,52980664,1731417747000,2024-11-12T13:22:27.000Z,0xb3f90D22cdDEAc0E35f22DcF5Acd3F23C2F4C649,0xdfB01877b1C6CD53f96Ba886C0Adb4656f1D39b4,43339695.830555685,0x420FcA0121DC28039145009570975747295f2329,COQINU,COQ
43114,0x551e6c2f8f9a9509c1fba197ae8a0acb66a32dcf5cbc6b9210a6c840f694a000,52979598,1731415643000,2024-11-12T12:47:23.000Z,0xe6d678fb2C0114725485f66E5BdB3C4097c9Caf4,0xb3f90D22cdDEAc0E35f22DcF5Acd3F23C2F4C649,25050000.000235762,0x420FcA0121DC28039145009570975747295f2329,COQINU,COQ
43114,0xc2f56d4c4cea5fc4c6a94e38a95ffba43f56d87a7b2a4a0ec18dbf8b2abf41a6,52974658,1731405952000,2024-11-12T10:05:52.000Z,0x06e589E879508b190e4Ed3ECA32175998E8Ad63b,0xb3f90D22cdDEAc0E35f22DcF5Acd3F23C2F4C649,912.17,0xB97EF9Ef8734C71904D8002F8b6Bc66Dd9c48a6E,USD Coin,USDC
43114,0x91ca67380c8e392b3f27a51f18f4ca9b4653a852ad6441c639f92845302f22ea,52974428,1731405528000,2024-11-12T09:58:48.000Z,0x456B55e1C0e1fC1DAbBcD35c751Fa8E560518BA4,0xb3f90D22cdDEAc0E35f22DcF5Acd3F23C2F4C649,291600689.7423,0x420FcA0121DC28039145009570975747295f2329,COQINU,COQ
43114,0xed35b6f841353424ed8af8c7f11331f832b1a8fa70a79223791dbf491f9dc7f9,52971325,1731399354000,2024-11-12T08:15:54.000Z,0x9bC93E4deD5D47C0482d47FB83af747E278490A6,0xb3f90D22cdDEAc0E35f22DcF5Acd3F23C2F4C649,659841107.2907717,0x420FcA0121DC28039145009570975747295f2329,COQINU,COQ
43114,0x092dc70afbf23f1353dd38b05d376555f0c8fdf6eda51d4cf5158e4029b40eb9,52969049,1731395002000,2024-11-12T07:03:22.000Z,0xb3f90D22cdDEAc0E35f22DcF5Acd3F23C2F4C649,0x102942dACAeDF6c028d11CB5f13bD9D891809311,23994200.615974188,0x420FcA0121DC28039145009570975747295f2329,COQINU,COQ
43114,0x84fb1d32d3c5257d3036871a79d550b7a88c6c040231bb87e3c9072e0a20b4d3,52958129,1731372786000,2024-11-12T00:53:06.000Z,0xb3f90D22cdDEAc0E35f22DcF5Acd3F23C2F4C649,0x5f1b5Bbd26A2aC06CF92f9645585a452F34Aa8EC,1205873.6864397402,0x420FcA0121DC28039145009570975747295f2329,COQINU,COQ
43114,0x4d5553e6c83abafca390d2437dc45e70130e63679055cd526477ff580d8676e4,52956855,1731370317000,2024-11-12T00:11:57.000Z,0x092A5cA87EaDADC0b7c1C760937ef4E07C0bC509,0xb3f90D22cdDEAc0E35f22DcF5Acd3F23C2F4C649,136.776065,0xB97EF9Ef8734C71904D8002F8b6Bc66Dd9c48a6E,USD Coin,USDC
43114,0xb0acc781f4e8997e53e70513e9427c77873423a900cba0e982e7e172f3213702,52949233,1731354912000,2024-11-11T19:55:12.000Z,0x13c4A5ae3B625F09D50FB0C95758ffDecD19849F,0xb3f90D22cdDEAc0E35f22DcF5Acd3F23C2F4C649,200000000,0x420FcA0121DC28039145009570975747295f2329,COQINU,COQ
43114,0x9366122fa048b462dcc9afb1066c8ff027030b1691a83001da844cc44608d352,52944918,1731346140000,2024-11-11T17:29:00.000Z,0xb3f90D22cdDEAc0E35f22DcF5Acd3F23C2F4C649,0x884F25af3425589806f92a39E498aC3bF2B0455B,652371632.0138055,0x420FcA0121DC28039145009570975747295f2329,COQINU,COQ
43114,0x2d5c0fded18029bcc9a4d0d9be360bee8145aa7829a2195aa745f1ae342e4bfd,52940632,1731337590000,2024-11-11T15:06:30.000Z,0xb3f90D22cdDEAc0E35f22DcF5Acd3F23C2F4C649,0x4cCeD7e0D23497b9416E53b672E97322d8c6B2B9,591.350024,0xB97EF9Ef8734C71904D8002F8b6Bc66Dd9c48a6E,USD Coin,USDC
43114,0x0be6a0163f8af38e8c47149e981d119de0f923159e4970a8c751a83f05357231,52919930,1731295148000,2024-11-11T03:19:08.000Z,0xb3f90D22cdDEAc0E35f22DcF5Acd3F23C2F4C649,0x641672288b772ee2F035bBbA7e38c622AB75Ed3B,24100050.673694912,0x420FcA0121DC28039145009570975747295f2329,COQINU,COQ
43114,0x9bae24dea24e2a520684a1046d585463565d7c8e66b26516c6bc5ce95db28dbf,52919107,1731293441000,2024-11-11T02:50:41.000Z,0xb3f90D22cdDEAc0E35f22DcF5Acd3F23C2F4C649,0xb91f187D35c6C5788F979e896400C9E334996283,70019.35117796714,0x8729438EB15e2C8B576fCc6AeCdA6A148776C0F5,BENQI,QI
43114,0x3894ffb3527204730afdac592558580b6aee3957d98701d8b60ec0f9154e0c28,52918435,1731292057000,2024-11-11T02:27:37.000Z,0x4208422e1Cf9350f0A7F1084dbb57B5878e6d1eA,0xb3f90D22cdDEAc0E35f22DcF5Acd3F23C2F4C649,1979,0xB97EF9Ef8734C71904D8002F8b6Bc66Dd9c48a6E,USD Coin,USDC
43114,0x5a2858f3683b5fb13d0d41dce43e66e22e08116198431b29a91e7f9971692e24,52916654,1731288409000,2024-11-11T01:26:49.000Z,0xb3f90D22cdDEAc0E35f22DcF5Acd3F23C2F4C649,0x1e15FCac7B400c15c76FCb914bfbAdACB1558a20,1353.7854066652756,0x8729438EB15e2C8B576fCc6AeCdA6A148776C0F5,BENQI,QI
43114,0xc640ac23e313e1ed8d5439c3516e501a4f5724011aeb5953809dfe7b2b61f2d5,52914319,1731283598000,2024-11-11T00:06:38.000Z,0xb3f90D22cdDEAc0E35f22DcF5Acd3F23C2F4C649,0x1e15FCac7B400c15c76FCb914bfbAdACB1558a20,9950000,0x420FcA0121DC28039145009570975747295f2329,COQINU,COQ
43114,0x53cd07b7ec08151eb23f96ca36f949b3f1f9629558720d3725e4cf378b9cbdea,52911686,1731278211000,2024-11-10T22:36:51.000Z,0xb3f90D22cdDEAc0E35f22DcF5Acd3F23C2F4C649,0x11070A561c64AFfC2b64e64E01c32De5B0bcd7d5,27873.432179704447,0x420FcA0121DC28039145009570975747295f2329,COQINU,COQ
43114,0x29aea7494bc1c5840314da3e1255ed18766188848cf3c52495a01e81baaf7699,52910135,1731275059000,2024-11-10T21:44:19.000Z,0xb3f90D22cdDEAc0E35f22DcF5Acd3F23C2F4C649,0x9A402C874b187Aa87ED1044aF1D632d4d9f842d7,5889.820458185923,0x8729438EB15e2C8B576fCc6AeCdA6A148776C0F5,BENQI,QI
43114,0xfd51c67ba6733c24bd15f953f2656d737eb40e3b55e259eb2f6d95ee716576a6,52909652,1731274076000,2024-11-10T21:27:56.000Z,0xc1d49266248B8F50b91Fa7AD746543518a2f4F14,0xb3f90D22cdDEAc0E35f22DcF5Acd3F23C2F4C649,1997.10985,0xB97EF9Ef8734C71904D8002F8b6Bc66Dd9c48a6E,USD Coin,USDC
43114,0xdfb02a6b0bbad81aee770fe9be3f669d4196541cc97d7a1919a69b141e9d142b,52909471,1731273704000,2024-11-10T21:21:44.000Z,0x13c4A5ae3B625F09D50FB0C95758ffDecD19849F,0xb3f90D22cdDEAc0E35f22DcF5Acd3F23C2F4C649,100000000,0x420FcA0121DC28039145009570975747295f2329,COQINU,COQ
43114,0x15e2401445b2f75ec89985d7586cf2f4d9ea37922a2769f52d1f780519206108,52905887,1731266471000,2024-11-10T19:21:11.000Z,0x230dE2B091549338C7DC6dfEC34530D1FC8fE200,0xb3f90D22cdDEAc0E35f22DcF5Acd3F23C2F4C649,79325313.68060328,0x420FcA0121DC28039145009570975747295f2329,COQINU,COQ
43114,0x4b7a7753e9d035e0883832bfbb0fb6728d99a8223f14ae2ec2324b460f749aff,52905566,1731265814000,2024-11-10T19:10:14.000Z,0xb3f90D22cdDEAc0E35f22DcF5Acd3F23C2F4C649,0x0bB6A1D16D7369eD1578B0619Ad87324B03F131C,5.657463,0xB97EF9Ef8734C71904D8002F8b6Bc66Dd9c48a6E,USD Coin,USDC
43114,0x00144cdbe41f4c0880318d830d0e7e0c1e0a7c43f78bbdd0e1a718cd096a5a90,52903765,1731262084000,2024-11-10T18:08:04.000Z,0xE1e1c1c5808089a68fde7DA68Ed134979Bb5c42A,0xb3f90D22cdDEAc0E35f22DcF5Acd3F23C2F4C649,300.366526,0xB97EF9Ef8734C71904D8002F8b6Bc66Dd9c48a6E,USD Coin,USDC
43114,0x7e2e0c906f5ee1b6cd61928a7c6b81b666cd1171c97ac93f5aeaeff69d15aa81,52903077,1731260675000,2024-11-10T17:44:35.000Z,0xBb7284B616A114FA30d08BC44711b60B9F670d25,0xb3f90D22cdDEAc0E35f22DcF5Acd3F23C2F4C649,720,0xB97EF9Ef8734C71904D8002F8b6Bc66Dd9c48a6E,USD Coin,USDC
43114,0xd6164742afecf8936b0ad64b8f7681e849efdb020c68544f4ef49aff918941a9,52902841,1731260194000,2024-11-10T17:36:34.000Z,0xBb7284B616A114FA30d08BC44711b60B9F670d25,0xb3f90D22cdDEAc0E35f22DcF5Acd3F23C2F4C649,100,0xB97EF9Ef8734C71904D8002F8b6Bc66Dd9c48a6E,USD Coin,USDC
43114,0xca81ad0497aa048e41433a0600db6ebc857fa65837bea2cc004eb60ad2499c4a,52887803,1731229324000,2024-11-10T09:02:04.000Z,0xcE007caE9C60EE72f354dbF6dD084EdD567ac440,0xb3f90D22cdDEAc0E35f22DcF5Acd3F23C2F4C649,150,0xB97EF9Ef8734C71904D8002F8b6Bc66Dd9c48a6E,USD Coin,USDC
43114,0x8cd59aa14cacd6fe79299c7202d02fd067b630242b4f2abf3ebbbf5e57f703d5,52885298,1731224124000,2024-11-10T07:35:24.000Z,0xb3f90D22cdDEAc0E35f22DcF5Acd3F23C2F4C649,0x9A402C874b187Aa87ED1044aF1D632d4d9f842d7,305,0x8729438EB15e2C8B576fCc6AeCdA6A148776C0F5,BENQI,QI
43114,0x75afde2906c8b5624038087adbcae74812c2942b993a0b9ad405216d1dcaa8f1,52885205,1731223934000,2024-11-10T07:32:14.000Z,0xb3f90D22cdDEAc0E35f22DcF5Acd3F23C2F4C649,0x9A402C874b187Aa87ED1044aF1D632d4d9f842d7,238.038884492075,0x8729438EB15e2C8B576fCc6AeCdA6A148776C0F5,BENQI,QI
43114,0xf8c92ae597ffc15ffa62fff6373b51547753417b8598c66082842254b229b415,52876727,1731206500000,2024-11-10T02:41:40.000Z,0xBEB0e1BB87593218F49aB0EE85368ADb95d02F35,0xb3f90D22cdDEAc0E35f22DcF5Acd3F23C2F4C649,246.958454,0xB97EF9Ef8734C71904D8002F8b6Bc66Dd9c48a6E,USD Coin,USDC
43114,0xc5a9dfad7aa911dcc2607c57af6b08911967998211373d819cdca10d7dbace20,52872129,1731196969000,2024-11-10T00:02:49.000Z,0x4208422e1Cf9350f0A7F1084dbb57B5878e6d1eA,0xb3f90D22cdDEAc0E35f22DcF5Acd3F23C2F4C649,1000,0xB97EF9Ef8734C71904D8002F8b6Bc66Dd9c48a6E,USD Coin,USDC
43114,0xa4d2ff533fc5322561f2d50d7ea573d57394485173cfdb28707f33b4d714a99e,52856671,1731165109000,2024-11-09T15:11:49.000Z,0xb3f90D22cdDEAc0E35f22DcF5Acd3F23C2F4C649,0xBd88f01D5f43e91a7075748347D77b411c2D634e,70922292.90027605,0x420FcA0121DC28039145009570975747295f2329,COQINU,COQ
43114,0xbc8e930bb23e1acf41a0054a97a5d336af722fd864d382e0417270ac6de860a3,52845304,1731141781000,2024-11-09T08:43:01.000Z,0xb3f90D22cdDEAc0E35f22DcF5Acd3F23C2F4C649,0x102942dACAeDF6c028d11CB5f13bD9D891809311,16476024.341130646,0x420FcA0121DC28039145009570975747295f2329,COQINU,COQ
43114,0xfc920afa8a361bc8af2fb27299d5bc1239d85e0929420bb213b5f5f007861ad4,52842093,1731135139000,2024-11-09T06:52:19.000Z,0xb3f90D22cdDEAc0E35f22DcF5Acd3F23C2F4C649,0xdF76276123bcA1e23ddf58D6c636fB8123D0C6d4,101.34965,0xB97EF9Ef8734C71904D8002F8b6Bc66Dd9c48a6E,USD Coin,USDC
43114,0xab485ba11a891408915944aea6d92f020bc01233708fe501cd3dfa143209b399,52841503,1731133938000,2024-11-09T06:32:18.000Z,0xb3f90D22cdDEAc0E35f22DcF5Acd3F23C2F4C649,0x1F618Af9bFAbAf006a8a662526600CedC8dAD2C1,721.156167,0xB97EF9Ef8734C71904D8002F8b6Bc66Dd9c48a6E,USD Coin,USDC
43114,0x8f19d1ebb07b45dbbf9c9b2d56c694e7ac1fc4e0972bc3a812560b1d64898fff,52836787,1731124270000,2024-11-09T03:51:10.000Z,0x9c8d50a125ECf038C726c6fc8EE8ed8cb2f3988d,0xb3f90D22cdDEAc0E35f22DcF5Acd3F23C2F4C649,500000000,0x420FcA0121DC28039145009570975747295f2329,COQINU,COQ
43114,0xa34770abc5b8b444ba1d309bc5dbd129390ac1eeed33cdfdbf92d63d9d6d9c6b,52834907,1731120415000,2024-11-09T02:46:55.000Z,0xb3f90D22cdDEAc0E35f22DcF5Acd3F23C2F4C649,0xFe46A7450AB31F7f247655ceea8137FaaFaE1407,35449.727456760214,0x8729438EB15e2C8B576fCc6AeCdA6A148776C0F5,BENQI,QI
43114,0x277da985a996afe97ce3acfa93dc3ab2b1172dc87cc82ee81d590708e601ef24,52833337,1731117197000,2024-11-09T01:53:17.000Z,0x13c4A5ae3B625F09D50FB0C95758ffDecD19849F,0xb3f90D22cdDEAc0E35f22DcF5Acd3F23C2F4C649,525000000,0x420FcA0121DC28039145009570975747295f2329,COQINU,COQ
43114,0x0998e0ecedfa897dd01cb5cbbd6310c413eceedfbdae2c6de137740c08346947,52832143,1731114763000,2024-11-09T01:12:43.000Z,0xb3f90D22cdDEAc0E35f22DcF5Acd3F23C2F4C649,0x102942dACAeDF6c028d11CB5f13bD9D891809311,24353443.19822166,0x420FcA0121DC28039145009570975747295f2329,COQINU,COQ
43114,0x0e9edeea094ad1e22c7ecf74731af84971427df202a10535299510486b835f2c,52822861,1731095748000,2024-11-08T19:55:48.000Z,0xb3f90D22cdDEAc0E35f22DcF5Acd3F23C2F4C649,0xdF76276123bcA1e23ddf58D6c636fB8123D0C6d4,383.563207,0xB97EF9Ef8734C71904D8002F8b6Bc66Dd9c48a6E,USD Coin,USDC
43114,0xf2fa3a0c5f14eeed81fd4ebe7484b5b26baa1efbb9ab52fba195d636b40184e8,52812079,1731073716000,2024-11-08T13:48:36.000Z,0xb3f90D22cdDEAc0E35f22DcF5Acd3F23C2F4C649,0xdB000BC44A2244cFf43181cE979d0fd06db4f3d2,38.362836,0xB97EF9Ef8734C71904D8002F8b6Bc66Dd9c48a6E,USD Coin,USDC
43114,0x1a942ed88ff1a04d044f79045e7ae38e7edd8a9e19decb79550b4ed26e9d339b,52799995,1731046706000,2024-11-08T06:18:26.000Z,0xb4Ca2E875a97cEE27E0798F11aB69D042815f53F,0xb3f90D22cdDEAc0E35f22DcF5Acd3F23C2F4C649,15000,0xB97EF9Ef8734C71904D8002F8b6Bc66Dd9c48a6E,USD Coin,USDC
43114,0x39d734eb493efae08f85b30b4a87a21904539c4513a89fe95b590b30c6b6f031,52794241,1731033630000,2024-11-08T02:40:30.000Z,0xb3f90D22cdDEAc0E35f22DcF5Acd3F23C2F4C649,0x102942dACAeDF6c028d11CB5f13bD9D891809311,20024709.37543337,0x420FcA0121DC28039145009570975747295f2329,COQINU,COQ
43114,0xabaab789e3728e486fc8e1448dfbbf58f0fd64f34b7343c27de735d9e6576590,52794076,1731033256000,2024-11-08T02:34:16.000Z,0xECE26FC235798B8D324708a510fDBFFd31b216a7,0xb3f90D22cdDEAc0E35f22DcF5Acd3F23C2F4C649,70343736.5814,0x420FcA0121DC28039145009570975747295f2329,COQINU,COQ
43114,0x49dc2a7fc94f8d1f021d5a8075caf83cd7219c419d5ee99129409ca4236e4347,52783311,1731009167000,2024-11-07T19:52:47.000Z,0x13c4A5ae3B625F09D50FB0C95758ffDecD19849F,0xb3f90D22cdDEAc0E35f22DcF5Acd3F23C2F4C649,500000000,0x420FcA0121DC28039145009570975747295f2329,COQINU,COQ
43114,0xc3305e8e3fea4778455c804ec0d4eca6458c249f3f8a8ffe4f9f3a03422d641a,52776810,1730994710000,2024-11-07T15:51:50.000Z,0xb3f90D22cdDEAc0E35f22DcF5Acd3F23C2F4C649,0x58f2a8211564441cbfBED7f172149eC7948aD423,310184469.8902905,0x420FcA0121DC28039145009570975747295f2329,COQINU,COQ
43114,0x6754ade282b3cbb3ea90d3fc922d8c74fc44f9a96999a82607e9a95d54a5b11e,52759161,1730955385000,2024-11-07T04:56:25.000Z,0xb3f90D22cdDEAc0E35f22DcF5Acd3F23C2F4C649,0x5739e0C7F02Fc9808E5F42d339CF2766c2038981,9125.772253001918,0x8729438EB15e2C8B576fCc6AeCdA6A148776C0F5,BENQI,QI
43114,0x663210da8d8bc4b27c5b85547594846f7fc72c1e8419af062e0f722a72f1959f,52758362,1730953762000,2024-11-07T04:29:22.000Z,0xb3f90D22cdDEAc0E35f22DcF5Acd3F23C2F4C649,0xdA41C484276cd59b9E7D662c4Fb0950c6Eb39618,1000996159.1807524,0x420FcA0121DC28039145009570975747295f2329,COQINU,COQ
43114,0x292c81cea941674dd8030a618a7aacf6466a92947082357782ab71440a1030f1,52734446,1730904783000,2024-11-06T14:53:03.000Z,0xb3f90D22cdDEAc0E35f22DcF5Acd3F23C2F4C649,0x5739e0C7F02Fc9808E5F42d339CF2766c2038981,920,0x8729438EB15e2C8B576fCc6AeCdA6A148776C0F5,BENQI,QI
43114,0x859c06f493bb45deb737a403017a92e31022db503b381ae8077fcc198cbf38d8,52711958,1730858897000,2024-11-06T02:08:17.000Z,0xb3f90D22cdDEAc0E35f22DcF5Acd3F23C2F4C649,0xdF76276123bcA1e23ddf58D6c636fB8123D0C6d4,301.969526,0xB97EF9Ef8734C71904D8002F8b6Bc66Dd9c48a6E,USD Coin,USDC
43114,0xf4f92f4fa321d768296cc43468df21e442139d9076acfedac24142ee8f9a61ef,52690888,1730815626000,2024-11-05T14:07:06.000Z,0x83a0A19F4F52cdc7dB518573b98B2bDE0c3A79Ab,0xb3f90D22cdDEAc0E35f22DcF5Acd3F23C2F4C649,153412263,0x420FcA0121DC28039145009570975747295f2329,COQINU,COQ
43114,0x4a88b69a3b58c5cde63e938af6f0ed09abede7ee89239beef2783c5bc6780ab8,52630848,1730691452000,2024-11-04T03:37:32.000Z,0xb3f90D22cdDEAc0E35f22DcF5Acd3F23C2F4C649,0xEB6fb3aAdABdaB96cE890F4C66970c0A7e4CC4F7,2007088062.9449167,0x420FcA0121DC28039145009570975747295f2329,COQINU,COQ
43114,0xe84ee50c2b9f72a27d0f1e3781e596ac778cbb08a21e23c52bdc13e4c6ccc3f9,52628243,1730686036000,2024-11-04T02:07:16.000Z,0x5d62e4BeC265c98E51C04E604C54771B690540Ff,0xb3f90D22cdDEAc0E35f22DcF5Acd3F23C2F4C649,250,0xB97EF9Ef8734C71904D8002F8b6Bc66Dd9c48a6E,USD Coin,USDC
43114,0x2efe34a1b1ee6bc2dc19e6c514f66d68c410b2f3ccac5518b5ed581b30249fc9,52626556,1730682516000,2024-11-04T01:08:36.000Z,0xc1d49266248B8F50b91Fa7AD746543518a2f4F14,0xb3f90D22cdDEAc0E35f22DcF5Acd3F23C2F4C649,1002.89029,0xB97EF9Ef8734C71904D8002F8b6Bc66Dd9c48a6E,USD Coin,USDC
43114,0xd3dda50dd5f3d3f355032181d7e2cb979e7a3189858dc061d34ca70d8d84178a,52623822,1730676858000,2024-11-03T23:34:18.000Z,0x3D8FC1CFfAa110F7A7F9f8BC237B73d54C4aBf61,0xb3f90D22cdDEAc0E35f22DcF5Acd3F23C2F4C649,20000000000,0x420FcA0121DC28039145009570975747295f2329,COQINU,COQ
43114,0x49682abdfb79357d2d107c7dc3fe28dec9566678214ff3c53ce54997b34df9bd,52619079,1730667098000,2024-11-03T20:51:38.000Z,0xb3f90D22cdDEAc0E35f22DcF5Acd3F23C2F4C649,0xEB6fb3aAdABdaB96cE890F4C66970c0A7e4CC4F7,9436744.617372213,0x420FcA0121DC28039145009570975747295f2329,COQINU,COQ
43114,0x1fac09534d4851d78f26f766f160ea28977a65b5a0baf2bc1e91f89421b8b163,52608323,1730644953000,2024-11-03T14:42:33.000Z,0xE1e1c1c5808089a68fde7DA68Ed134979Bb5c42A,0xb3f90D22cdDEAc0E35f22DcF5Acd3F23C2F4C649,200.538564,0xB97EF9Ef8734C71904D8002F8b6Bc66Dd9c48a6E,USD Coin,USDC
43114,0x019fd691da1cc0a7168a6a2a2e8db1f135f830217dcf3ba19460d62c9f7efde6,52608026,1730644349000,2024-11-03T14:32:29.000Z,0xb3f90D22cdDEAc0E35f22DcF5Acd3F23C2F4C649,0x4cCeD7e0D23497b9416E53b672E97322d8c6B2B9,424.357823,0xB97EF9Ef8734C71904D8002F8b6Bc66Dd9c48a6E,USD Coin,USDC
43114,0x3abd6fd6db6ba64c533b5b6655807c950a8af7a74982b27bbc997dc3990a6c24,52568145,1730561299000,2024-11-02T15:28:19.000Z,0xb3f90D22cdDEAc0E35f22DcF5Acd3F23C2F4C649,0x3b8C1BaAbec8842f7b90eBB4a2181Cc47f49BD17,42.139845,0xB97EF9Ef8734C71904D8002F8b6Bc66Dd9c48a6E,USD Coin,USDC
43114,0xfb44c40e6792c3dd0855e40a05c8b086520d48ae22421c6037939f9a52451a3a,52559744,1730543974000,2024-11-02T10:39:34.000Z,0xC28a505a2f378ddE54748Bb9c00c3df5BB82b5e8,0xb3f90D22cdDEAc0E35f22DcF5Acd3F23C2F4C649,69.840476,0xB97EF9Ef8734C71904D8002F8b6Bc66Dd9c48a6E,USD Coin,USDC
43114,0xffe241c5e3ec7e1dc0e7f029ee6178e26de71433a05141d5e76126802c29afeb,52544685,1730512463000,2024-11-02T01:54:23.000Z,0xb3f90D22cdDEAc0E35f22DcF5Acd3F23C2F4C649,0xdF76276123bcA1e23ddf58D6c636fB8123D0C6d4,101.34965,0xB97EF9Ef8734C71904D8002F8b6Bc66Dd9c48a6E,USD Coin,USDC
43114,0xc019a9c768cc0ff9ca0d1b9e07e14481f42d1e0d37b0d43d65628831bdc79e5a,52540643,1730504098000,2024-11-01T23:34:58.000Z,0xC28a505a2f378ddE54748Bb9c00c3df5BB82b5e8,0xb3f90D22cdDEAc0E35f22DcF5Acd3F23C2F4C649,47.971267,0xB97EF9Ef8734C71904D8002F8b6Bc66Dd9c48a6E,USD Coin,USDC
43114,0x51277a2044086a650155868d36f1880ac20180ac2510cafeecc4bf2bc5dab819,52536463,1730495472000,2024-11-01T21:11:12.000Z,0xb3f90D22cdDEAc0E35f22DcF5Acd3F23C2F4C649,0x1Cd204E141D5424Afd669073e821C67d10d5Cc9a,0.00000005786802627,0x617D9a203c37433490a3A7785842E936Bc1609b5,,
43114,0x51277a2044086a650155868d36f1880ac20180ac2510cafeecc4bf2bc5dab819,52536463,1730495472000,2024-11-01T21:11:12.000Z,0xb3f90D22cdDEAc0E35f22DcF5Acd3F23C2F4C649,0xeB81D2bfFa5879857d935f5cae76153230cF0Cc9,0.00000005786802627,0x617D9a203c37433490a3A7785842E936Bc1609b5,,
43114,0x7b616298c08ee652a9b24140f70e570a8ee23ef49c04b073aaffca8d3f7cfe7f,52536154,1730494824000,2024-11-01T21:00:24.000Z,0xA0D638C984dF95Ea2f24D9aD1658214Ff9D418b5,0xb3f90D22cdDEAc0E35f22DcF5Acd3F23C2F4C649,5586,0xB97EF9Ef8734C71904D8002F8b6Bc66Dd9c48a6E,USD Coin,USDC
43114,0x3678a5074077fd111a25d7508e644840fe22442b4868168d9a06ab35b3948f67,52516490,1730454449000,2024-11-01T09:47:29.000Z,0xC28a505a2f378ddE54748Bb9c00c3df5BB82b5e8,0xb3f90D22cdDEAc0E35f22DcF5Acd3F23C2F4C649,93.840682,0xB97EF9Ef8734C71904D8002F8b6Bc66Dd9c48a6E,USD Coin,USDC
43114,0xdb71d689504a7b13013defd633defde1b82012dc741e45a6b06df3f3154a518c,52507031,1730434835000,2024-11-01T04:20:35.000Z,0xb3f90D22cdDEAc0E35f22DcF5Acd3F23C2F4C649,0x15cBee3CC3b4BEfE6d6B2Fef490056Bd9DefBcd7,486072353.42262137,0x420FcA0121DC28039145009570975747295f2329,COQINU,COQ
43114,0xd1cbb8cba56ae40c483474800c376939dae0e0abf0ba2e933d5f467ac1ae65ee,52481059,1730381046000,2024-10-31T13:24:06.000Z,0xC28a505a2f378ddE54748Bb9c00c3df5BB82b5e8,0xb3f90D22cdDEAc0E35f22DcF5Acd3F23C2F4C649,79.861739,0xB97EF9Ef8734C71904D8002F8b6Bc66Dd9c48a6E,USD Coin,USDC
43114,0x56e2771b5fb2d219263ffc84dc086ce18caf3ebbaf682bca856f385e5549d600,52475334,1730369258000,2024-10-31T10:07:38.000Z,0xb3f90D22cdDEAc0E35f22DcF5Acd3F23C2F4C649,0x1Cd204E141D5424Afd669073e821C67d10d5Cc9a,0.00000005786802627,0x617D9a203c37433490a3A7785842E936Bc1609b5,,
43114,0x56e2771b5fb2d219263ffc84dc086ce18caf3ebbaf682bca856f385e5549d600,52475334,1730369258000,2024-10-31T10:07:38.000Z,0xb3f90D22cdDEAc0E35f22DcF5Acd3F23C2F4C649,0xeB81D2bfFa5879857d935f5cae76153230cF0Cc9,0.00000005786802627,0x617D9a203c37433490a3A7785842E936Bc1609b5,,
43114,0xf8a22ab311af9b10b5e03c40fc9b1bfcabd179a5a0dd08874805d03d4ae4856f,52475220,1730369014000,2024-10-31T10:03:34.000Z,0x3DD87411a3754deea8cc52C4CF57E2fC254924Cc,0xb3f90D22cdDEAc0E35f22DcF5Acd3F23C2F4C649,50000,0xB97EF9Ef8734C71904D8002F8b6Bc66Dd9c48a6E,USD Coin,USDC
43114,0x31f533688ce628a48e6ffedd7dfd3ea2cd7139f5d0265bc3ef2ad5ef07452dfd,52475206,1730368985000,2024-10-31T10:03:05.000Z,0xC28a505a2f378ddE54748Bb9c00c3df5BB82b5e8,0xb3f90D22cdDEAc0E35f22DcF5Acd3F23C2F4C649,41.399236,0xB97EF9Ef8734C71904D8002F8b6Bc66Dd9c48a6E,USD Coin,USDC
43114,0xa9a0e3a3b84939dbc54a4b0d5116b5841e25b145002c40366f35faf2f1a0d96e,52466565,1730351100000,2024-10-31T05:05:00.000Z,0xC28a505a2f378ddE54748Bb9c00c3df5BB82b5e8,0xb3f90D22cdDEAc0E35f22DcF5Acd3F23C2F4C649,49.226538,0xB97EF9Ef8734C71904D8002F8b6Bc66Dd9c48a6E,USD Coin,USDC
43114,0x7ccd51afd94ceafc95f3fdc34937d7442202bdd66cc60dfe87d69a2406de6eb0,52461103,1730339732000,2024-10-31T01:55:32.000Z,0xC28a505a2f378ddE54748Bb9c00c3df5BB82b5e8,0xb3f90D22cdDEAc0E35f22DcF5Acd3F23C2F4C649,207.236224,0xB97EF9Ef8734C71904D8002F8b6Bc66Dd9c48a6E,USD Coin,USDC
43114,0x3fd79d111c0ab63cbc119d8b574a4bc02ae22e0834a6a697e74a41e39b0a7d78,52453284,1730323595000,2024-10-30T21:26:35.000Z,0xb3f90D22cdDEAc0E35f22DcF5Acd3F23C2F4C649,0x15cBee3CC3b4BEfE6d6B2Fef490056Bd9DefBcd7,210675099.37760195,0x420FcA0121DC28039145009570975747295f2329,COQINU,COQ
43114,0xbdeace9d1c73305df59de6520c6eee1ee838a7d98950f9496fd96f0e20cafee6,52451877,1730320713000,2024-10-30T20:38:33.000Z,0x13c4A5ae3B625F09D50FB0C95758ffDecD19849F,0xb3f90D22cdDEAc0E35f22DcF5Acd3F23C2F4C649,226146073.43,0x420FcA0121DC28039145009570975747295f2329,COQINU,COQ
43114,0x5e5ffc105b56746a6d0b00d348a7be5152a5cf9d772985d01a71791e8e66c371,52451602,1730320153000,2024-10-30T20:29:13.000Z,0xb3f90D22cdDEAc0E35f22DcF5Acd3F23C2F4C649,0x1Cd204E141D5424Afd669073e821C67d10d5Cc9a,0.00000005786802627,0x617D9a203c37433490a3A7785842E936Bc1609b5,,
43114,0x5e5ffc105b56746a6d0b00d348a7be5152a5cf9d772985d01a71791e8e66c371,52451602,1730320153000,2024-10-30T20:29:13.000Z,0xb3f90D22cdDEAc0E35f22DcF5Acd3F23C2F4C649,0xeB81D2bfFa5879857d935f5cae76153230cF0Cc9,0.00000005786802627,0x617D9a203c37433490a3A7785842E936Bc1609b5,,
43114,0x85e92b133415e786f54e503a47e3747a8a8ee4a93e137c9a04817851db47d0ea,52451002,1730318918000,2024-10-30T20:08:38.000Z,0x89BC2ee3923F0dC419C566e287eCf51791d5cC9a,0xb3f90D22cdDEAc0E35f22DcF5Acd3F23C2F4C649,0.005786,0xB97EF9Ef8734C71904D8002F8b6Bc66Dd9c48a6E,USD Coin,USDC
43114,0xee656c1862269f7978cc2ddc9a80f56a5c4b93983a5691351bb16be4fd65eee8,52450806,1730318525000,2024-10-30T20:02:05.000Z,0xb3f90D22cdDEAc0E35f22DcF5Acd3F23C2F4C649,0x89bC2A8971Db1A666d8434DF4D9757b1a0D5cc9a,57868.02627,0xB97EF9Ef8734C71904D8002F8b6Bc66Dd9c48a6E,USD Coin,USDC
43114,0xc95469ef03cbad986ecd1b82bd98f25de5af7d5ee801e879049799cfae362fb1,52450578,1730318062000,2024-10-30T19:54:22.000Z,0xb3f90D22cdDEAc0E35f22DcF5Acd3F23C2F4C649,0x89bC2A8971Db1A666d8434DF4D9757b1a0D5cc9a,999.60004,0xB97EF9Ef8734C71904D8002F8b6Bc66Dd9c48a6E,USD Coin,USDC
43114,0x62cc19233b1048a896b90b12bc7a3e95f3cfc58b8f4894e3e48542c624f9f0df,52450514,1730317927000,2024-10-30T19:52:07.000Z,0xb3f90D22cdDEAc0E35f22DcF5Acd3F23C2F4C649,0x89bC2A8971Db1A666d8434DF4D9757b1a0D5cc9a,99.600004,0xB97EF9Ef8734C71904D8002F8b6Bc66Dd9c48a6E,USD Coin,USDC
43114,0xaaede2b14618896d8d536fa9875eea517a96a4ceae5b3daea67440634bc6296d,52418132,1730251510000,2024-10-30T01:25:10.000Z,0xb3f90D22cdDEAc0E35f22DcF5Acd3F23C2F4C649,0x48646dfbDaa4f1B88F4A8bB62B547D9d818Ce8D4,1046761825.237569,0x420FcA0121DC28039145009570975747295f2329,COQINU,COQ
43114,0x4b32363a678f0e3ef00c241e64221b74a4b9247491f588684689e67a6a511b3d,52411377,1730237759000,2024-10-29T21:35:59.000Z,0xC433edF8b671A966443F669CA3B20385851648f1,0xb3f90D22cdDEAc0E35f22DcF5Acd3F23C2F4C649,128.18332,0xB97EF9Ef8734C71904D8002F8b6Bc66Dd9c48a6E,USD Coin,USDC
43114,0x6ff3130dba95fea133e3d166da42ea3b9bcd958333d1e41f68255579594a174c,52410821,1730236600000,2024-10-29T21:16:40.000Z,0xb3f90D22cdDEAc0E35f22DcF5Acd3F23C2F4C649,0xDf03a7bb4627B5DeC05f09c6FBFf98EB81685d25,128.48332,0xB97EF9Ef8734C71904D8002F8b6Bc66Dd9c48a6E,USD Coin,USDC
43114,0xc9ebf5492aef55ccdf060d776439a72474290aaf473fd038f5d010835b2bd323,52409316,1730233544000,2024-10-29T20:25:44.000Z,0xb3f90D22cdDEAc0E35f22DcF5Acd3F23C2F4C649,0x15cBee3CC3b4BEfE6d6B2Fef490056Bd9DefBcd7,236863605.37710693,0x420FcA0121DC28039145009570975747295f2329,COQINU,COQ
43114,0xa1d07c968d61dd59cb85c3d030b919f29d23c461f31178cffcb305ade4c419ec,52403870,1730222438000,2024-10-29T17:20:38.000Z,0xb3f90D22cdDEAc0E35f22DcF5Acd3F23C2F4C649,0x4CA2CAba044E99c52A74352Ea10aF46e3095570c,12999845.216860108,0x420FcA0121DC28039145009570975747295f2329,COQINU,COQ
43114,0x4042e5b26e1b3311488695a89b1cd9ce2a07ef7325f381ca53e5b5ab6dcba7ec,52398184,1730210762000,2024-10-29T14:06:02.000Z,0x13c4A5ae3B625F09D50FB0C95758ffDecD19849F,0xb3f90D22cdDEAc0E35f22DcF5Acd3F23C2F4C649,200000000,0x420FcA0121DC28039145009570975747295f2329,COQINU,COQ
43114,0xce89d1ded2499e9ae1d28b747d912a2c7dc2440343f2b96a554ceb9af8516756,52397057,1730208445000,2024-10-29T13:27:25.000Z,0xb3f90D22cdDEAc0E35f22DcF5Acd3F23C2F4C649,0xdF76276123bcA1e23ddf58D6c636fB8123D0C6d4,105.188882,0xB97EF9Ef8734C71904D8002F8b6Bc66Dd9c48a6E,USD Coin,USDC
43114,0x76944d1dc898527f072f19cae7cf8fcbb43a4f8205cea5f225763d3b2bfbfd84,52383405,1730180291000,2024-10-29T05:38:11.000Z,0x02e89D2B7aD2079C00B6b10b62890A79cA4830A9,0xb3f90D22cdDEAc0E35f22DcF5Acd3F23C2F4C649,125,0xB97EF9Ef8734C71904D8002F8b6Bc66Dd9c48a6E,USD Coin,USDC
43114,0x3f13f9c049beb1620015ddc34a4f8cb87a07c6ed82e7a9de96e6a6dc22f525c1,52367858,1730148197000,2024-10-28T20:43:17.000Z,0x513dfA4ef32C0802F6D42ef2732C54106F71cCC6,0xb3f90D22cdDEAc0E35f22DcF5Acd3F23C2F4C649,442.172516,0xB97EF9Ef8734C71904D8002F8b6Bc66Dd9c48a6E,USD Coin,USDC
43114,0xae2185a148a79663f13d816b79bfaad6a80c9f84c05fdea78713074e53b09f1c,52356597,1730124989000,2024-10-28T14:16:29.000Z,0xb3f90D22cdDEAc0E35f22DcF5Acd3F23C2F4C649,0xF51781c8E8146dd4C1d4a0f9eBd3C30514C253d1,679.6141232598602,0x8729438EB15e2C8B576fCc6AeCdA6A148776C0F5,BENQI,QI
43114,0xb4ec99e2543dcfe6de0257d8b5874f6e20b1b2fb641c29b7532ccb25cd091d4f,52344510,1730099946000,2024-10-28T07:19:06.000Z,0xADB80733eDc8cc8969b7bF5F91F9D8e62bff4180,0xb3f90D22cdDEAc0E35f22DcF5Acd3F23C2F4C649,100,0xB97EF9Ef8734C71904D8002F8b6Bc66Dd9c48a6E,USD Coin,USDC
43114,0xa5759b7f373cd797c5bcef2cca076175b9f42724a89de9ec76b432eb22fabddf,52343070,1730096963000,2024-10-28T06:29:23.000Z,0x02e89D2B7aD2079C00B6b10b62890A79cA4830A9,0xb3f90D22cdDEAc0E35f22DcF5Acd3F23C2F4C649,125,0xB97EF9Ef8734C71904D8002F8b6Bc66Dd9c48a6E,USD Coin,USDC
43114,0x3b47b46078145eb2dc3e71e341b79f30929eb70e730ef9e1db05afbb6f597249,52331211,1730071971000,2024-10-27T23:32:51.000Z,0xADB80733eDc8cc8969b7bF5F91F9D8e62bff4180,0xb3f90D22cdDEAc0E35f22DcF5Acd3F23C2F4C649,188.483622,0xB97EF9Ef8734C71904D8002F8b6Bc66Dd9c48a6E,USD Coin,USDC
43114,0x3f6d8df99ba395723e2401fb2935916ee38a9f24d59630b9f0e694e8764086b0,52325264,1730059695000,2024-10-27T20:08:15.000Z,0xb3f90D22cdDEAc0E35f22DcF5Acd3F23C2F4C649,0x512422AE0d9647D12823A968cDdE6034eE357c80,148649631.03114462,0x420FcA0121DC28039145009570975747295f2329,COQINU,COQ
43114,0x6f66ab2787b09136b702909b20408f372b02a172776c94e5b90c49de4fe5e971,52301638,1730010818000,2024-10-27T06:33:38.000Z,0xC28a505a2f378ddE54748Bb9c00c3df5BB82b5e8,0xb3f90D22cdDEAc0E35f22DcF5Acd3F23C2F4C649,302.55795,0xB97EF9Ef8734C71904D8002F8b6Bc66Dd9c48a6E,USD Coin,USDC
43114,0x4183abcbcf9cd09aa67bd4d2c45e0d7aea22e97030fe6014ea15bbd561db337d,52294685,1729996377000,2024-10-27T02:32:57.000Z,0xb3f90D22cdDEAc0E35f22DcF5Acd3F23C2F4C649,0xdF76276123bcA1e23ddf58D6c636fB8123D0C6d4,100.389842,0xB97EF9Ef8734C71904D8002F8b6Bc66Dd9c48a6E,USD Coin,USDC
43114,0x5ce57f1ada34ab62e972f24579fa50856c40953bce29bf12b34c7a33b80f4587,52290493,1729987607000,2024-10-27T00:06:47.000Z,0xC28a505a2f378ddE54748Bb9c00c3df5BB82b5e8,0xb3f90D22cdDEAc0E35f22DcF5Acd3F23C2F4C649,132.778618,0xB97EF9Ef8734C71904D8002F8b6Bc66Dd9c48a6E,USD Coin,USDC
43114,0x01120105348d35f8f16be32872ef33315e37d1099adc6ccccb589fb9f3d13dc1,52277684,1729960838000,2024-10-26T16:40:38.000Z,0xcE007caE9C60EE72f354dbF6dD084EdD567ac440,0xb3f90D22cdDEAc0E35f22DcF5Acd3F23C2F4C649,39,0xB97EF9Ef8734C71904D8002F8b6Bc66Dd9c48a6E,USD Coin,USDC
43114,0x01098f0bb2be032ac1a63d9b597f7903ba85cf168ff757af52672eda350ac395,52270042,1729945029000,2024-10-26T12:17:09.000Z,0xb3f90D22cdDEAc0E35f22DcF5Acd3F23C2F4C649,0x4cCeD7e0D23497b9416E53b672E97322d8c6B2B9,104.600004,0xB97EF9Ef8734C71904D8002F8b6Bc66Dd9c48a6E,USD Coin,USDC
43114,0xe74f2e8f3e1440429d22ffa468193a292d0bfa14e7c82cd7f9d0b77e4705e6f1,52254511,1729912751000,2024-10-26T03:19:11.000Z,0x0E94f7Ca83F11bd83a20067a7234dfDabBA58e04,0xb3f90D22cdDEAc0E35f22DcF5Acd3F23C2F4C649,650.10,0xB97EF9Ef8734C71904D8002F8b6Bc66Dd9c48a6E,USD Coin,USDC
43114,0x14d9d0e12967619bb194d73ea3adf0d6a9216ef5282aa325b67a9d7dd8de3e83,52254409,1729912540000,2024-10-26T03:15:40.000Z,0x0E94f7Ca83F11bd83a20067a7234dfDabBA58e04,0xb3f90D22cdDEAc0E35f22DcF5Acd3F23C2F4C649,49.90,0xB97EF9Ef8734C71904D8002F8b6Bc66Dd9c48a6E,USD Coin,USDC
43114,0x12ec4abe9f77154746bdb67973e1f5811e9924f6fe849eee6dee7c2cd5261fb3,52253976,1729911650000,2024-10-26T03:00:50.000Z,0xb3f90D22cdDEAc0E35f22DcF5Acd3F23C2F4C649,0xF51781c8E8146dd4C1d4a0f9eBd3C30514C253d1,1968.4194374912313,0x8729438EB15e2C8B576fCc6AeCdA6A148776C0F5,BENQI,QI
43114,0x323514b6bb196389d8dc8e9ff020535f5a8eabd89ab64fab256c715fdb289106,52248774,1729900949000,2024-10-26T00:02:29.000Z,0x13c4A5ae3B625F09D50FB0C95758ffDecD19849F,0xb3f90D22cdDEAc0E35f22DcF5Acd3F23C2F4C649,150000000.00058135,0x420FcA0121DC28039145009570975747295f2329,COQINU,COQ
43114,0x356f6b7535eb4d4d084a1ef9b790572dad55dc3d391cc32dcda141b549a7383e,52248455,1729900288000,2024-10-25T23:51:28.000Z,0xb3f90D22cdDEAc0E35f22DcF5Acd3F23C2F4C649,0x5087b5C5Ad9742Ed50f8EdF1D00E5C93Fb251965,499.60002,0xB97EF9Ef8734C71904D8002F8b6Bc66Dd9c48a6E,USD Coin,USDC
43114,0xdc7c8e1a1ab3f05bccf2b1810384ef553ed48ea2707d56c38a52f9393c5185b8,52245717,1729894733000,2024-10-25T22:18:53.000Z,0xb3f90D22cdDEAc0E35f22DcF5Acd3F23C2F4C649,0x0C7B1deC2930916054cD879874C9a05c3F28E2c2,155.583803,0xB97EF9Ef8734C71904D8002F8b6Bc66Dd9c48a6E,USD Coin,USDC
43114,0x71f5085cdc2f6f220f7a60b7c42f6accea124a74451ac76777a70f780095145a,52227160,1729856792000,2024-10-25T11:46:32.000Z,0xb3f90D22cdDEAc0E35f22DcF5Acd3F23C2F4C649,0x0fAdDaD6781A71632170b0C013bf868FF2Cfe3B1,1041.840595,0xB97EF9Ef8734C71904D8002F8b6Bc66Dd9c48a6E,USD Coin,USDC
43114,0xd906f765b56ba2fac4467d4292c1f91dd5f8e2088bf2399a3f98e41a3bee08b8,52227038,1729856545000,2024-10-25T11:42:25.000Z,0xb3f90D22cdDEAc0E35f22DcF5Acd3F23C2F4C649,0x0fAdDaD6781A71632170b0C013bf868FF2Cfe3B1,24.600001,0xB97EF9Ef8734C71904D8002F8b6Bc66Dd9c48a6E,USD Coin,USDC
43114,0xef2c675f8caaac0adce7f1d2a0f71ad6ab3173ded195255f30eeb6dd0904e4d0,52204849,1729810676000,2024-10-24T22:57:56.000Z,0xcE007caE9C60EE72f354dbF6dD084EdD567ac440,0xb3f90D22cdDEAc0E35f22DcF5Acd3F23C2F4C649,758.433413,0xB97EF9Ef8734C71904D8002F8b6Bc66Dd9c48a6E,USD Coin,USDC
43114,0xf4e88ef782e944aca54612f7e84c80aa8a3af82a1b89cabcf6cc5b6001256be3,52203134,1729807137000,2024-10-24T21:58:57.000Z,0xD49477ec9CF4d9DB0a188C657C92aaA6335Ca6f1,0xb3f90D22cdDEAc0E35f22DcF5Acd3F23C2F4C649,77537618,0x420FcA0121DC28039145009570975747295f2329,COQINU,COQ
43114,0x04bb51941df165e4c370168daed37f109b7cefa6e1865752eb2af638497a9824,52195815,1729792164000,2024-10-24T17:49:24.000Z,0xb3f90D22cdDEAc0E35f22DcF5Acd3F23C2F4C649,0xdF76276123bcA1e23ddf58D6c636fB8123D0C6d4,201.179684,0xB97EF9Ef8734C71904D8002F8b6Bc66Dd9c48a6E,USD Coin,USDC
43114,0x6c4a93eddf958216b9833cdd9051c2e89c13b85827e923c14c0be6c2a286cf3a,52190474,1729781216000,2024-10-24T14:46:56.000Z,0xb3f90D22cdDEAc0E35f22DcF5Acd3F23C2F4C649,0xa5189c3e564A0CbdA9788C16aF55b590884ce55B,192126214.69248235,0x420FcA0121DC28039145009570975747295f2329,COQINU,COQ
43114,0x5c4111fa2c61efd2c5231d9796240174d8cbc51acd16f9fa53724ef4bd1eab6b,52189504,1729779225000,2024-10-24T14:13:45.000Z,0xb3f90D22cdDEAc0E35f22DcF5Acd3F23C2F4C649,0xeF1f9316EAB99176Ad363b78EaE516de1B7a3B95,199.60,0xB97EF9Ef8734C71904D8002F8b6Bc66Dd9c48a6E,USD Coin,USDC
43114,0x69def20e6a0d536362eb486ddb4d09944378090aa1aca32cede7229966567a1a,52165788,1729730367000,2024-10-24T00:39:27.000Z,0xb3f90D22cdDEAc0E35f22DcF5Acd3F23C2F4C649,0x1F618Af9bFAbAf006a8a662526600CedC8dAD2C1,319.922577,0xB97EF9Ef8734C71904D8002F8b6Bc66Dd9c48a6E,USD Coin,USDC
43114,0xa2d4a44886b525ed6c31987b3ad538e9a440700a2c7aab10d11b3fee6f6883f4,52162730,1729724101000,2024-10-23T22:55:01.000Z,0x5DDd4215f08f59070dA4B437a7265b0Cc2DBe0be,0xb3f90D22cdDEAc0E35f22DcF5Acd3F23C2F4C649,66903.04,0x8729438EB15e2C8B576fCc6AeCdA6A148776C0F5,BENQI,QI
43114,0x8f28a2f9340acbbaae784f4f325d44382c5b0c537beec61ed0665262d13e1cd3,52159668,1729717793000,2024-10-23T21:09:53.000Z,0x2143136C2079A380f1C97Ac1906748a2621f9A8b,0xb3f90D22cdDEAc0E35f22DcF5Acd3F23C2F4C649,100.896959,0xB97EF9Ef8734C71904D8002F8b6Bc66Dd9c48a6E,USD Coin,USDC
43114,0x6a3f6a2b91075ab4f892010f6f25b3e63335639401450719eb14ae76956b172c,52155162,1729708499000,2024-10-23T18:34:59.000Z,0xA6fd861361b4b006cEcD934E7D97DD725Ad3f4df,0xb3f90D22cdDEAc0E35f22DcF5Acd3F23C2F4C649,73.56,0xB97EF9Ef8734C71904D8002F8b6Bc66Dd9c48a6E,USD Coin,USDC
43114,0x5e4ba3fc3683295a1b9a26169270073fd9a0e318a24afa927e33ccf104c54065,52153309,1729704690000,2024-10-23T17:31:30.000Z,0xb3f90D22cdDEAc0E35f22DcF5Acd3F23C2F4C649,0x2b9b1F1661D85823B235c5ae5F35324395Ff3dd7,118.446669,0xB97EF9Ef8734C71904D8002F8b6Bc66Dd9c48a6E,USD Coin,USDC
43114,0xe746035d9b20267ca7e5570d5f05e08b83e5cd624c2da3743600f535d1db10d6,52153028,1729704113000,2024-10-23T17:21:53.000Z,0x278746B0aEcF7DA648b3D3DC02947A46D835752B,0xb3f90D22cdDEAc0E35f22DcF5Acd3F23C2F4C649,2000.001,0xB97EF9Ef8734C71904D8002F8b6Bc66Dd9c48a6E,USD Coin,USDC
43114,0xd0bd518ecffb8447bffa5dfedc6c96110eee718a946e1a8d44ad32d267bbf392,52100308,1729595670000,2024-10-22T11:14:30.000Z,0xb3f90D22cdDEAc0E35f22DcF5Acd3F23C2F4C649,0x319FE75C7f424780E99D6A35f19C4079bfDcde6B,0.000000001995532766,0x617D9a203c37433490a3A7785842E936Bc1609b5,,
43114,0xd0bd518ecffb8447bffa5dfedc6c96110eee718a946e1a8d44ad32d267bbf392,52100308,1729595670000,2024-10-22T11:14:30.000Z,0xb3f90D22cdDEAc0E35f22DcF5Acd3F23C2F4C649,0xeB81D2bfFa5879857d935f5cae76153230cF0Cc9,0.000000001995532766,0x617D9a203c37433490a3A7785842E936Bc1609b5,,
43114,0xdeb6b97311de0247dc1a4fc6f09f4ceb36ff593890221e1bc3b957096d450a56,52091983,1729578554000,2024-10-22T06:29:14.000Z,0xb3f90D22cdDEAc0E35f22DcF5Acd3F23C2F4C649,0xC23D5473b47918470CE610e9204d58EfDfdCdE6b,1995.532766,0xB97EF9Ef8734C71904D8002F8b6Bc66Dd9c48a6E,USD Coin,USDC
43114,0xf2aa385be52b66c1c03bcb422ab46de25d70177fc12b6a72edc5e7b4061cf5b0,52087078,1729568511000,2024-10-22T03:41:51.000Z,0xb3f90D22cdDEAc0E35f22DcF5Acd3F23C2F4C649,0x67F0bd95249452a598684d464B177d1d171CF5fF,625.7130146402714,0x8729438EB15e2C8B576fCc6AeCdA6A148776C0F5,BENQI,QI
43114,0x55f9df20ca25ade0b422cd75614c75c196f20a0df4d00893b7ecf99edd46a4d1,52063661,1729520723000,2024-10-21T14:25:23.000Z,0x31c3033a87671c245225758B9B4bb8ce0e2fE507,0xb3f90D22cdDEAc0E35f22DcF5Acd3F23C2F4C649,3679196,0x8729438EB15e2C8B576fCc6AeCdA6A148776C0F5,BENQI,QI
43114,0x0a41d1f7ff395792ee9623434ec29f8f57b8f216b25e0442ca72f315b9ebaa6e,52061273,1729515863000,2024-10-21T13:04:23.000Z,0x2755e52CD5DCe28c024E4db059Fcc50408122575,0xb3f90D22cdDEAc0E35f22DcF5Acd3F23C2F4C649,32.387206,0xB97EF9Ef8734C71904D8002F8b6Bc66Dd9c48a6E,USD Coin,USDC
43114,0x2b090689251df33f8cb04550f854be61f8021b5f8aebffc054ee928cd525ced2,52057818,1729508736000,2024-10-21T11:05:36.000Z,0xb3f90D22cdDEAc0E35f22DcF5Acd3F23C2F4C649,0x15cBee3CC3b4BEfE6d6B2Fef490056Bd9DefBcd7,1031209946.7681614,0x420FcA0121DC28039145009570975747295f2329,COQINU,COQ
43114,0x3eb382f362f4e296d1d4bb3e1fcb64cb610e48ee6582243cc7933f01e976dd38,52045636,1729483771000,2024-10-21T04:09:31.000Z,0xb3f90D22cdDEAc0E35f22DcF5Acd3F23C2F4C649,0x5691C3a3bc0a67694b8feA7000590c25EC6C93e5,388.537563,0xB97EF9Ef8734C71904D8002F8b6Bc66Dd9c48a6E,USD Coin,USDC
43114,0xbe4bff965a1e2ba89764ecf4e4b6e706d8e0cade62eafc43654cab61149534bf,52037843,1729467762000,2024-10-20T23:42:42.000Z,0xb3f90D22cdDEAc0E35f22DcF5Acd3F23C2F4C649,0x15cBee3CC3b4BEfE6d6B2Fef490056Bd9DefBcd7,999950000,0x420FcA0121DC28039145009570975747295f2329,COQINU,COQ
43114,0x4b59aa35529554cb2507d38df80c99fb94f36a40d22c1093f45659408d0ec909,52033350,1729458545000,2024-10-20T21:09:05.000Z,0xb3f90D22cdDEAc0E35f22DcF5Acd3F23C2F4C649,0x0952B8790f0aa8622285B5C2ca39a9d15486f838,8277863.306776504,0x420FcA0121DC28039145009570975747295f2329,COQINU,COQ
43114,0x70de9298d7f0461931ac301203cccc10b9da74b356038b1ca4913dc9dfb0ffef,52006339,1729403017000,2024-10-20T05:43:37.000Z,0x13c4A5ae3B625F09D50FB0C95758ffDecD19849F,0xb3f90D22cdDEAc0E35f22DcF5Acd3F23C2F4C649,200000000,0x420FcA0121DC28039145009570975747295f2329,COQINU,COQ
43114,0x9bca8286f9d881b962b6a377b9cedeabff756c54c50a83f78f9b755d6007f41e,52004881,1729400013000,2024-10-20T04:53:33.000Z,0xb3f90D22cdDEAc0E35f22DcF5Acd3F23C2F4C649,0xdF76276123bcA1e23ddf58D6c636fB8123D0C6d4,105.188882,0xB97EF9Ef8734C71904D8002F8b6Bc66Dd9c48a6E,USD Coin,USDC
43114,0x71e3ca4fb8b74f369f4d94a1c34c39e8fa12fa46a28e006caea9ab60bf57e9cb,51987724,1729363883000,2024-10-19T18:51:23.000Z,0xc4f433aC3b1635CB1035Bfb5C94DeCcFD94AFf70,0xb3f90D22cdDEAc0E35f22DcF5Acd3F23C2F4C649,3202.621042,0xB97EF9Ef8734C71904D8002F8b6Bc66Dd9c48a6E,USD Coin,USDC
43114,0x53fee35a02e91c2cbd6254f79f7f14c9311492249ded69f9d543a11f0fc407d5,51977501,1729342688000,2024-10-19T12:58:08.000Z,0x226E5170b3662e608d605bBAD66e5852d3132066,0xb3f90D22cdDEAc0E35f22DcF5Acd3F23C2F4C649,200,0xB97EF9Ef8734C71904D8002F8b6Bc66Dd9c48a6E,USD Coin,USDC
43114,0x7501d2bf0255f712ed673a8ad005aa3a7c130aa2af86ad43b06c6fc134a305e5,51962627,1729311642000,2024-10-19T04:20:42.000Z,0xb3f90D22cdDEAc0E35f22DcF5Acd3F23C2F4C649,0x49D62aF195b51bF9DAB84cc3fEbF09FC490254a3,99.093563,0xB97EF9Ef8734C71904D8002F8b6Bc66Dd9c48a6E,USD Coin,USDC